n,deck,owner,date
1,Defense,William,25/11/2020
2,Nordique,Pierre,25/11/2020
3,MagicienSombre,Pierre,25/11/2020
4,Samourai,William,25/11/2020
5,Kaiju,Pierre,27/11/2020
6,Mechabot,Pierre,27/11/2020
7,DragonMeule,William,27/11/2020
8,Zombie,William,27/11/2020
9,Guerrier,William,27/11/2020
10,Amazonesse,William,27/11/2020
11,Virus,JRE,27/11/2020
12,YeuxBleus,JRE,27/11/2020
13,ChaosMAX,JRE,27/11/2020
14,DieuxEgyptiens,JRE,27/11/2020
15,BetesSacrees,JRE,27/11/2020
16,Exodia,JRE,28/11/2020
17,Dino,Pierre,12/12/2020
